lesson,vi,en
3,"Anh ơi, cho em nhận laptop ạ","Brother let me get the laptop"
3,"Cho anh xin họ tên và bộ phận của em","Can I have your name and department name"
3,"Nguyen Van Long, bộ phận MC2","Nguyen Van Long from department MC2"
3,"OK, em ngồi đây và cài giúp anh các phần mềm cần thiết để làm việc nhé","OK sit here and help me install the necessary software to work"
3,"Oh, anh ơi, mấy phần mềm này em không thấy file crack ạ","Oh bro I don't see any crack files for the software"
3,"Tội quá em ơi, đi làm rồi mà còn dùng crack file gì nữa, Công ty mua bản quyền cho các phần mềm hết rồi. Để anh đưa key cho em","Are you kidding me? You started working but still using cracked files? The company has already bought the license for all the software. Let me give you the key"
3,"Dạ, em nhà quê ghê, cảm ơn anh nhiều nhé","I see thank you"
3,"Dạ, em nhà quê ghê, cảm ơn anh nhiều nhé","I am truly a person of the last century thank you"
3,"Dạ, em nhà quê ghê, cảm ơn anh nhiều nhé","I must come from the Stone Age thank you"
4,"Em đi ăn trưa chưa, đi ăn với chị nhé","Have you had the lunch yet? Would you like to have lunch with me"
4,"Dạ vậy thì tốt quá ạ","Yes that's great"
4,"Em muốn ăn cơm hay món gì khác ngoài cơm ra","Do you want to eat rice or something else ?"
4,"Có món gì lạ thì giới thiệu cho em với","If there is anything strange, please introduce it to me"
4,"Chị thấy món cao lầu ở đây cũng OK, em ăn thử nhé","I think the Cao Lau dish here is OK, you should try it"
4,"Ngon quá chị ơi, em không ngờ đồ ăn ở căn tin mà ngon vậy","It's so delicious, I didn't expect the food in the canteen to be so delicious"
4,"Giá cũng mềm lắm em, giá này đã được công ty trợ giá rồi đáy","The price is also very cheap, on 20 thousand VND. This price has been subsidized by the company"
4,"Chị có thể giới thiệu một số thông tin cho em được không?","Can you give me some information about the company"
4,"Em cần biết thông tin gì?","What information do you need to know?"
4,"Chị nói về lương thưởng trước đi chị","Talk about the salary first"
4,"Công ty sẽ đánh giá performance của em 6 tháng 1 lần, đó sẽ xét tăng lương cũng 6 tháng 1 lần luôn","The company will evaluate your performance every 6 months. Then it will consider a salary increase every 6 months"
4,"Có khi nào công ty giảm lương của nhân viên không chị","Has the company ever reduced employee salaries?"
4,"Làm gì có chuyện đó em","No way"
4,"Muốn lên PM thì phải làm sao chị","What should I do to become a PM?"
4,"Em cứ làm cho tốt công việc của dev, sau đó, nếu công ty thấy em có năng lực, công ty sẽ tạo điều kiện cho em thôi","Just do your dev job well, then if the company sees that you are capable, they will create conditions for you"
5,"Hôm nay tôi sẽ giới thiệu tất cả thông tin về dự án cho bạn","Today I will introduce all the project information to you."
5,"Dự án của chúng tôi là một dự án thuê ngoài, làm việc với khách hàng Mỹ, về phần mềm quản lý cho hệ thống các phòng khám Đông y tại Mỹ.","Our project is an outsouring project, working with an American client, on a management software for a system of Oriental Medicine Clinics in the US"
5,"Dự án bắt đầu vào tháng 3 năm ngoái và dự kiến hoàn thành vào tháng 12 năm nay","The project started in March last year and is expected to be completed in December this year."
5,"Dự án có 15 người, bao gồm 1 PM, 2 lập trình viên full stack, 2 tester, 3 lập trình viên front end, 6 lập trình viên back end và 1 BA","The project has 15 people, including 1 pm, 2 full stack devs, 2 testers, 3 front end devs, 6 back end devs and 1 BA."
5,"Dự án dự kiến hoàn thành vào tháng 12 năm nay","The project is expected to be completed in December this year."
5,"Bạn sẽ thử việc trong 2 tháng với vai trò full stack dev. Sau 2 tháng, nếu được đánh giá OK, bạn sẽ trở thành nhân viên chính thức trong dự án này","You will be on probation for 2 months as a full stack dev. After 2 months, if you are rated OK, you will be an official employee in this project."
5,"Bạn có câu hỏi nào dành cho tôi không?","Do you have any questions for me?"
5,"Tôi có 2 câu hỏi. Thứ nhất, outsourcing nghĩa là gì? hứ hai, tôi có nhận được hướng dẫn hoặc hỗ trợ từ ai đó trong thời gian thử việc không?","I have 2 questions. First, what does outsourcing mean? Second, will I get any guidance or support from someone during the probationary period?"
5,"Ông Tam và cô Tân sẽ là những người trực tiếp hỗ trợ bạn. Nếu bạn có vấn đề gì, cứ hỏi họ","Mr. Tam and Ms. Tan will be the ones to directly support you. If you have any problems, just ask them."
5,"Và từ outsourcing nghĩa là thuê ngoài phần mềm. Điều đó có nghĩa là chúng tôi chỉ thực hiện một phần của dự án, không phải tất cả các giai đoạn của dự án phần mềm","And the word outsourcing means software outsourcing. That means we only do a part of a project, not all the stages of a software project."
6,"Cái hệ thống chúng ta đang làm có ba loại người dùng: quản lý, bác sĩ với khách hàng","The system we are working on has three types of users, namely manager, doctor and customer."
6,"Quản lý thì làm được mấy chức năng f1, f2 với f3","Managers can perform the functions f1, f2 and f3"
6,"Bác sĩ với khách hàng thì không coi được mấy loại báo cáo","Doctors and Customers cannot read types of reports"
6,"Quản lý có thể tạo tài khoản cho bác sĩ với khách hàng","Managers can create accounts belonging to doctor and customer"
6,"Tài khoản quản lý thì không bao giờ hết hạn, còn của bác sĩ với khách hàng thì có ngày hết hạn","Manager accounts do not expire while doctor and customer accounts have expiration dates"
6,"Muốn làm được chức năng f3 thì mình phải đi qua f1 rồi f2 trước","To perform function f3, we have to go through functions f1 and f2"
6,"Nếu mình không muốn bác sĩ thực hiện được chức năng f1 thì có thể dùng tài khoản quản lý để cấu hình quyền trên màn hình X","If we do not want a Doctor account to be able to perform function Fl, we can use the Manager account to configure the permission options on the screen X."
6,"Trên màn hình X, mình có thể xuất mấy file liên quan ra dạng excel","On the screen X, we can export related files in excel file format"
6,"Trên màn hình này mình cũng có thể up một file excel chứa thông tin XYZ vô hệ thống","On this screen, we can aslo upload an excel file containing XYZ information into the system"
6,"File excel dùng để nhập thông tin vô hệ thống phải có đủ các cột A, B, C","The excel file used to import information into the system must have columns A, B, C"
6,"Em không ngờ cái hệ thống này lại phức tạp dữ vậy","I didn't expect the system to be so complicated"
6,"Chắc em không nhớ hết trong 1 lúc thế này. Em phải coi lại rồi suy nghĩ từ từ","I can't remember everything at once. I have to review and think about it slowly."
7,"Nói chung, em đã nắm được cách vận hành của hệ thống. Nhưng về chi tiết, vẫn có một vài điểm em chưa hiểu đúng.","in general, you have grasped the systems operations. But in detail, there are a few points that you do not understand correctly."
7,"Long vẫn còn hơi ngại để hỏi. Chị đã ngồi chờ cả ngày xem liệu bạn có hỏi gì chị không, nhưng phải mất khá lâu em mới dám hỏi một câu.","long is still too shy to ask. I sat and waited all day to see if you would ask me anything, but it took a long time for me to be able to get a question from you."
7,"Em sợ làm phiền bạn nên em phải tự tìm hiểu. Em chỉ hỏi khi thực sự bị mắc kẹt. em sẽ rút kinh nghiệm từ trải nghiệm này ạ.","I was afraid of bothering you so I had to find out for myself. I only asked when I was really stuck. I will learn from my experience."
8,"Chú đã hoàn thành học kinh doanh rồi, giờ chú sẽ nghiên cứu cách lập trình cho hệ thống.","You have finished your business studies, now you will research how to code for the system"
8,"Trước mắt, chú hãy nghiên cứu mã nguồn này. Sau đó tạo một ứng dụng nhỏ, chỉ vài chức năng CRUD thôi. Rồi gửi cho anh xem lại.","For now, please study this source code. Then make a small app, just some CRUD functions. Then send it to me for review"
8,"Khi nào là hạn nộp ứng dụng này ạ?","When is the deadline to submit this app?"
8,"Anh cho chú ba ngày để hoàn thành.","I give you three days to complete it"
8,"Anh Trung ơi, giúp em với. Em không biết bắt đầu đọc mã nguồn từ đâu.","Trung, please help me with this. I don't know where to start reading this source code"
8,"Trước tiên, em phải chạy mã nguồn này đã. Sau đó chạy debug từng dòng để xem dòng nào chạy trước, dòng nào chạy sau.","First, you have to run this source code first. Then you should run debug line by line to see which line runs first, which line runs later."
8,"Nếu em debug từng dòng như vậy, em sợ sẽ quá nhiều. Em không dám debug đâu, anh ơi.","If I debug line by line like that, I'm afraid it's too much. I can't debug it, bro."
8,"Nếu vậy, em có thể đặt breakpoint ở đầu mỗi hàm. Sẽ dễ hơn để xem hàm nào được gọi trước, hàm nào được gọi sau.","If so, you can set breakpoints at the beginning of each function. It will be easier to see which function is called first and which function is called later."
8,"Ý tưởng tuyệt vời quá, anh ơi. Em không nghĩ ra được. Nếu em biết sớm, em đã hỏi anh từ trước rồi.","This is a great idea, bro. I couldn't think of it. If I had known I would have asked you earlier."
9,"Bây giờ em xin trình bày một app CRUD đơn giản mà em đã thử làm","Now I would like to present a simple CRUD app that I have tried"
9,"Để thêm khách hàng mới, thì nhấn nút tạo ở đây","To add a new customer, click the create button here"
9,"Để sửa thông tin khách hàng, ở màn hình danh sách khách hàng, nhấn nút cập nhật","To edit a customer, on the customer list screen, click the update button"
9,"Chức năng xóa cũng tương tự, mình sẽ dùng nút xóa ở màn hình danh sách","The delete function is similar, we will use the delete button on the list"
9,"Màn hình tạo mới và màn hình chỉnh sửa có giao diện giống nhau","The create screen and the edit screen have the same interfaces"
9,"Chỉ có vài cột bị disable ở màn hình edit, còn màn hình create thì không","Only some columns will be disabled in the edit screen, but not in the create screen"
9,"Hiện tại em chưa làm chức năng tìm kiếm và phân trang ở màn hình danh sách khách hàng, vì em không có đủ thời gian","I haven't done the search and pagination functions on the customer list screen yet, because I don't have enough time to do it"
9,"Khá ấn tượng đó! Mới có ba ngày mà em đã làm rất tốt rồi","Quite impressive! It's only been three days and you're doing very well"
9,"Chú ý đặt tên class và package nha. Hiện tại em chưa đặt theo convention của dự án đâu. Nhớ chú ý chỗ này","Pay attention to the class and package names. Currently, you have not named them according to the project convention. Remember to pay attention to that"
9,"Ngoài ra, sau khi kết nối database thì nhớ đóng connection lại. Đây là yêu cầu bắt buộc","Additionally, after connecting to the database, remember to close the connection. This is a mandatory requirement"
9,"Nếu quên đóng thì hậu quả khó lường lắm. Hệ thống có thể sinh ra lỗi khó hiểu","If you forget to close it, the consequences will be unpredictable. The system may generate incomprehensible errors"
9,"Bây giờ anh sẽ chỉ em cách push source code lên GitHub. Em có biết các branch của project mình đang làm không?","Now I will show you how to push source code to GitHub. Do you know the GitHub branches of the project we are working on?"
9,"Ngày xưa lúc còn sinh viên, em chỉ dùng mỗi main branch, tức là master branch. Cùng lắm thì em tạo thêm một branch ABC gì đó tự đặt tên thôi","When I was a student, I only used the main branch, that is, the master branch. At most, I used another ABC branch, which I named myself"
9,"Em cũng không rõ ngoài thực tế các branch được đặt tên như thế nào","I don't know how the branches are named in real projects"
9,"Project mình đang làm sẽ có mấy branch như sau. Đầu tiên là main branch, chứa source code để deploy lên production","The project we are working on will have the following branches. First is the main branch, containing source code to deploy to the production environment"
9,"Tiếp theo là staging branch, chứa source code để deploy lên môi trường test, tức là staging environment","Second is the staging branch, containing source code to deploy to the testing environment, i.e. the staging environment"
9,"Thứ ba là dev branch, chứa source code mà các dev merge lại với nhau sau khi code xong","Third is the dev branch, containing source code that the devs merge together after coding"
9,"Ngoài ra, mỗi dev có thể tạo branch riêng, nhưng cần đặt tên cẩn thận để tránh nhầm lẫn","In addition, each dev can create their own branches, but they need to name them carefully to avoid confusion"
9,"Và các dev phải thường xuyên kiểm tra, xóa các branch không cần thiết, để tránh tạo ra branch rác trên github","And the devs must regularly check and delete unnecessary branches, so as not to create junk branches on gethub"
9,"Khi merge code giữa các dev với nhau, có lỗi không anh? Nếu có thì phải làm sao?","When merging code between developers, will there be errors? What should we do when there are errors?"
9,"Tất nhiên là có lỗi rồi. Sau khi code xong, em sẽ phải push source code lên branch ABC","Of course there are some mistakes. After finishing the code, you will have to push the source code to the ABC branch"
9,"Sau đó em phải tạo pull request để team leader review code của em","Then, you have to create a pull request for the team leader to review your code"
9,"Nếu chưa rõ quy trình này thì em có thể xem thêm video trên YouTube. Người ta đã giải thích rất chi tiết","If you do not know this process clearly, you can watch more videos on YouTube. People have explained it in detail"
10,"Công việc của cậu thế nào, kể cho tớ nghe đi","how is your job tell me about it"
10,"Ừ, tớ nghe nói công việc cậu làm tốt lắm phải không?","okay I heard your work is good right"
10,"Ừm? Không, mới bắt đầu thôi, mọi thứ đều mới. Tớ phải thử 200% khả năng của mình","okay? No, just started working everything is new I have to try 200% of my ability"
10,"Công ty mình là công ty sản phẩm. Cả công ty sống dựa vào chỉ một sản phẩm. Hầu hết mọi người đều làm trên cùng một công nghệ","Our company is a product company. The whole company lives on only one Product. Almost everyone works on the same technology"
10,"Vậy công ty cậu chắc phải có nhiều người giỏi lắm. Thường khi làm một công nghệ, họ sẽ chuyên sâu vào công nghệ đó đúng không?","so your company must have many talented people. Usually when working on a technology, they will specialize in that technology, right?"
10,"Đúng rồi. Tớ thấy các anh chị senior rất giỏi. Họ biết mọi thứ rất rõ","that's right. I think the seniors are really good. they know everything very well"
10,"Team của tớ cũng ổn. Vì công ty mình là công ty outsourcing, họ biết nhiều công nghệ. Nhưng tớ thấy mọi người không chuyên sâu vào một thứ. Họ biết nhiều thứ, nhưng chỉ biết một chút về mỗi thứ","our team is also okay. because our company is an outsourcing company, they know a lot of technology. But I see that everyone is not specialized in one thing. it's like they know a lot of things, but only a little bit of each thing"
11,"Hôm nay chúng ta sẽ có cuộc họp sprint plan cho sprint tiếp theo. Product owner giao cho chúng ta 20 user story cho sprint mới này","Today we will have a sprint plan meeting for the next sprint. The product owner gave us 20 user stories for this new sprint"
11,"Trước tiên là estimate cho user story A. Mọi người cho ý kiến xem user story này có bao nhiêu story point","First is the estimate for user story A. Everyone please give your opinion on how many story points this user story has"
11,"Tớ nghĩ là 5 story point. Theo kinh nghiệm của tớ vậy","I think it's 5 story points. That's my experience"
11,"Tớ nghĩ là 7 hoặc 8 point bro. Tớ không nghĩ nó đơn giản vậy đâu bro","I think it's 7 or 8 points bro. I don't think it's that simple bro"
11,"Tớ thấy cái này dễ mà. Đừng nghĩ quá phức tạp. Tớ đã làm những chức năng tương tự rồi. Theo tớ, 3 story point là đủ","I think this is easy. Don't think it's too complicated. I've done similar functions before. In my opinion, 3 story points is enough"
11,"Sau khi mọi người thảo luận, tớ nghĩ hợp lý là cho user story A khoảng 5 point. Vậy hãy cho 5 point","After everyone discussed, I think it's reasonable to give this user story A about 5 points. So let's give it 5 points"
11,"Estimate xong rồi, bây giờ mọi người pick task nhé","Estimate done, now everyone pick up the tasks please"
11,"Tớ tình nguyện làm user story A","I volunteer to do user story A"
11,"Tớ chọn user story B","I choose user story B"
11,"Vậy tớ sẽ làm user story C","So I will do user story C"
11,"Long làm task D nhé. Task đó chắc trong khả năng của cậu","Long, do task D. That task is probably within your ability"
12,"Chị ơi, chị xác nhận giúp em yêu cầu của màn hình này với ạ","Sister, please confirm the requirements of this screen"
12,"Ừ, em cứ nói đi","Yes, go ahead"
12,"Tại sao mình phải cập nhật item A trước rồi mới được cập nhật item B ạ?","Why do we have to update item A first before we can update item B?"
12,"Phần này hơi dài dòng. Làm sao chị giải thích cho dễ hiểu đây nhỉ? Thôi, em ghi câu hỏi vào file Q&A đi. Ghi hết câu hỏi vào đó. Chị sẽ trả lời sau, giờ chị phải đi họp. Chị tưởng em hỏi mấy câu đơn giản thì chị trả lời ngay được. Nhưng mấy câu kiểu này thì cần thời gian để giải thích cho em","This part is a bit long-winded. How can I explain it in a way that is easy to understand? OK, write your questions in the Q&A file. Write all the questions there. I will answer them later. I have to go to a meeting now. I thought you would ask simple questions and I can answer them right away. Questions like this require time to explain to you"
12,"Long này, có vài câu em hỏi chị cũng không trả lời được. Chị sẽ hỏi product owner rồi trả lời lại cho em sau nhé","Long, there are some questions you ask that I can't answer. I will ask the product owner those questions and then answer you later"
12,"Vâng, chị nhớ hỏi product owner sớm giúp em nha","Yes, please ask product owner soon"
12,"Với lại em xem lại cách viết Q&A của em nhé. Có vài câu em diễn đạt khó hiểu quá. Chị phải đọc đi đọc lại mới hiểu được","And please review the way you write Q&A. There are some sentences you express that are too difficult to understand. I had to read them over and over again to understand"
12,"Dạ, đây là lần đầu tiên em làm. Chị chỉ em cách viết với ạ","Yes, this is my first time. Please teach me how to write"
12,"Em cứ tưởng tượng là mình đang viết cho một người không biết gì về công nghệ thông tin. Hoặc tưởng tượng viết cho học sinh cấp 2 vậy. Thì sẽ dễ hiểu hơn","Just imagine you are writing for someone who knows nothing about information technology. Or imagine you are writing for a middle school student. Then it will be easy to understand"
13,"Long, chị nói cái này","Long, I say this"
13,"Dạ, em tới ngay đây ạ","Yes, I'm coming right away"
13,"Sao em lại dùng file user story cũ vậy? Chị đọc Q&A em viết và phát hiện ra các câu hỏi em hỏi liên quan tới file user story cũ rồi","Why are you using the old user story file? I read the Q&A you wrote and found out that the questions you asked were related to the old user story file"
13,"Thật vậy ạ? Chị chỉ giúp em file mới được không?","Really? Can you show me the latest file?"
13,"Chị đã để file mới trong thư mục này rồi. Lần sau nhớ vào đây mà lấy. Hôm trước chị training cũng nhắc em rồi mà em không để ý","I left the latest file in this folder. Next time, remember to come here and get it. I reminded you about it when I trained you the other day, but you didn't pay attention"
13,"Em xin lỗi chị ạ","I'm sorry, sister"
13,"Long ơi, em có đó không? Sao em không tham gia họp dự án?","Are you here, Long? Why didn't you attend the project meeting?"
13,"Ủa, có họp à anh, em không thấy meeting request gì hết?","Oh, there is a meeting? I didn't see any meeting request."
13,"Anh đã gửi meeting request trước 1 tiếng rồi. Lần sau em phải chú ý. Cuộc họp này khá quan trọng đó. Nhớ đọc lại biên bản họp để nắm nội dung","I sent the meeting request an hour ago. You have to pay attention next time. This meeting is quite important. Remember to read the meeting minutes to know the content of the meeting"
13,"Vâng, hôm nay em may mắn ghê, buổi chiều bị cả hai anh chị la luôn","Yes, I got lucky this afternoon, got complained by two of you"
14,"Chị Thanh ơi, chiều nay anh Tuấn nhờ em viết biên bản họp. Em chưa bao giờ viết cái này cả. Chị hướng dẫn em với","Ms Thanh, this afternoon Mr. Tuan asked me to write meeting minutes for the meeting. I have never written this before. Please guide me"
14,"Em chưa bao giờ viết cái này cả. Chị chỉ em với","I have never written this before. Please guide me"
14,"À, chị cũng viết nhiều rồi. Đây có sẵn một template, để chị chỉ em","Oh, I also write a lot. Here is a ready-made template, let me show you"
14,"Phần thông tin chung sẽ gồm tên cuộc họp, ghi rõ tên cuộc họp, ví dụ: họp briefing, họp tổng kết dự án","The general information section will include meeting name, clearly state the name of the meeting, e.g., briefing meeting, project summary meeting"
14,"Thời gian, ghi rõ ngày, giờ bắt đầu và giờ kết thúc của cuộc họp","Time, clearly state the date, start and end time of the meeting"
14,"Địa điểm, ghi rõ địa điểm cuộc họp, ví dụ: phòng họp A, online qua Zoom","Location, clearly state the location of the meeting, e.g., meeting room A, online via Zoom"
14,"Thành phần tham dự, liệt kê những người tham gia cuộc họp (có thể kèm chức danh)","Participants, list the meeting participants (may include their titles)"
14,"Vắng mặt, liệt kê những người vắng mặt (nếu có) và lý do vắng mặt","Absences, list the absentees, if any, and the reason for their absence"
14,"Phần nội dung cuộc họp sẽ gồm tóm tắt nội dung, nêu ngắn gọn mục đích và các vấn đề chính được thảo luận","Meeting content section will include summary of content, briefly state the purpose and main issues discussed in the meeting"
14,"Diễn biến cuộc họp, trình bày chi tiết các nội dung đã thảo luận theo thứ tự thời gian, ghi lại các ý kiến đóng góp và thảo luận của các thành viên","Meeting progress, present details of the discussed contents in chronological order, record the contributions and discussions of the members"
14,"Quyết định và kết luận, ghi lại các quyết định đã thông qua và kết luận cuối cùng của cuộc họp","Decisions and conclusions, record the decisions past and the final conclusions of the meeting"
14,"Phần phân công công việc sẽ gồm các task cần thực hiện, liệt kê các công việc cần làm sau cuộc họp","Job assignment section will include tasks to be performed, list the tasks to be performed after the meeting"
14,"Người thực hiện, ghi rõ ai được giao nhiệm vụ","Who is performing the task, clearly state the person assigned to perform the task"
14,"Deadline, ghi rõ thời hạn hoàn thành công việc","Deadline, clearly state the deadline for completing the task"
14,"Dạ, em hiểu rồi. Em cảm ơn chị nhiều lắm. Em sẽ viết ra rồi gửi chị review lại cho chắc","Oh, I understand. Thank you very much. I will write it down and then give it to you for review again to be sure"
15,"Chị Thanh ơi, em thấy BA viết user story không rõ ràng nhưng có cần phải confirm requirement với BA cả ngày không?","Ms. Thanh, on I found BA writes unclear user stories but should we keep confirming requirement with BA all day"
15,"Không cần đâu. BA rất bận, họ đang làm nhiều dự án cùng lúc. Nếu em có câu hỏi gì thì hỏi anh, anh trả lời được sẽ trả lời ngay cho em","No need BA are very busy they are working on many projects at the same time so if you have any questions you can ask me if I can answer you I will answer you right away"
15,"Tốt quá, em tưởng phải confirm requirement với BA là bắt buộc. Tới giờ em toàn chờ BA trả lời Q&A của em","That's great I thought it was mandatory to confirm the requirement with BA. Up until now I've been waiting for BA to answer my Q&A"
15,"Anh Tâm ơi, em không hiểu chỗ này, anh giải thích giúp em được không? Em hỏi Missed On nhưng Missed On bảo hỏi anh","Mr. Tam I don't understand this can you explain it to me I asked Missed on but Missed on told me to ask you"
15,"Ừ, hỏi anh đi","Yeah ask me"
15,"Tại sao em phải lấy giá bán từ cột price trong bảng order detail mà không lấy từ bảng product?","Why do I have to get the selling price from the price column in the order detail table and not from the product table"
15,"Em đọc database sao vậy? Em giờ mới hỏi anh chỗ này à? Hồi ở đại học em học database chỉ để qua môn thôi đúng không? Phải tự tìm ra chứ","How do you read databases? You're asking me this now? You took database classes in the university just to pass the course right? You should have figured this out yourself."
16,"Chị Tân ơi, chị có phải gửi báo cáo hằng ngày cho anh Tuấn không?","Miss Tan, Do You Have To Send Daily Report To Mr. Tuan?"
16,"Không, anh Tuấn có bắt chị phải làm vậy à?","No, Did Mr. Tuan Force You To Do That?"
16,"Có, sáng nay anh Tuấn vừa nói với em. Em không biết viết sao cả.","Yes, He Just Told Me That This Morning. I Don't Know How To Write."
16,"Chị hiểu rồi. Có thể vì em mới vào nên anh Tuấn yêu cầu viết để em quen dần, dễ theo dõi công việc hằng ngày. Nếu có vấn đề phát sinh, anh ấy sẽ giúp em giải quyết nhanh.","I Understand. Maybe Because You Are New, He Asked You To Write So You Can Get Used To It And Easily Follow Your Daily Work. If Anything Arises, He Will Help You Solve It Quickly."
16,"Em hiểu rồi. Nhưng em không biết phải viết gì trong báo cáo hằng ngày. Chị chỉ em với.","I Understand. But I Don't Know What To Write In The Daily Report. Please Tell Me."
16,"Thường báo cáo hằng ngày sẽ có 6 phần.","Usually A Daily Report Will Have 6 Parts."
16,"Phần 1: Thông tin chung. Ngày báo cáo, để theo dõi tiến độ công việc theo thời gian. Dự án: tên dự án hoặc nhiệm vụ đang thực hiện.","Part 1 is, General Information. Report Date, Report Date To Track Work Progress Over Time. Project: name Of The Project Or Task Being Performed."
16,"Phần 2: Công việc đã hoàn thành. Liệt kê cụ thể các nhiệm vụ được giao trong ngày.","Part 2 is the Completed Work. List Specifically The Assigned Tasks Of The Day."
16,"Liệt kê chi tiết các việc đã hoàn thành trong ngày. Mô tả các tính năng, module, bug đã fix hoặc code đã viết.","List Specifically The Completed Tasks Of The Day. Describe In Detail The Features, Modules, Bugs Fixed Or Code Written."
16,"Kết quả đạt được. Đánh giá kết quả công việc đã hoàn thành. Ví dụ: % hoàn thành theo kế hoạch, số bug đã xử lý.","Results Achieved. Evaluate The Results Of The Completed Work. For Example, What Percentage Of The Work Has Been Completed According To Plan, How Many Bugs Have Been Resolved."
16,"Tự kết luận công việc có đúng tiến độ hay không.","Self-Conclude Whether The Work Is on scheduled Or Not."
16,"Phần 3: Công việc hiện tại. Mô tả công việc đang làm, nêu rõ công việc đang tập trung.","Part 3, Current Work. Describe The Work Being Done, Clearly State The Current Work Being Focused On."
16,"Khó khăn gặp phải, nếu có vấn đề thì liệt kê và giải thích nguyên nhân.","Difficulties Encountered, If Any Problems Occur, List Them Specifically And Explain The Cause."
16,"Kế hoạch giải quyết. Đưa ra giải pháp hoặc cần hỗ trợ từ bộ phận khác để xử lý.","Solution Plan. Propose Solutions Or Need Support From Other Departments To Solve The Problem."
16,"Phần 4: Công việc tiếp theo. Lập kế hoạch cho ngày làm việc kế tiếp, nêu rõ nhiệm vụ.","Part 4: what to do next: Plan for the next working day: clearly state the task to be done the next day"
16,"Thời gian dự kiến hoàn thành: đưa ra thời gian ước lượng.","Estimated complete time: Provide the estimate time to complete the task"
16,"Phần 5: Các vấn đề cần hỗ trợ. Liệt kê những vấn đề cần PM hoặc bộ phận khác hỗ trợ, ví dụ cần thêm tài liệu, cần hỗ trợ kỹ thuật.","Part 5: issues requiring support: List Issues Requiring Support From The PM Or Other Departments, For Example, Need More Documents, Need Technical Support."
16,"Phần 6: Kiến nghị. Đưa ra các đề xuất cải tiến, nếu có ý tưởng giúp quy trình tốt hơn hoặc tăng hiệu suất thì nêu ra.","Part 6, Suggestions. Make Suggestions For Improvement, If You Have Any Ideas To Improve The Workflow Or Increase Efficiency, Please Make Them."
17,"Anh Tuấn ơi, em không thể hoàn thành cuộc họp hôm nay.","Mr. Tuan, I can't finish today's meeting."
17,"Em không kịp làm à? Sao không báo cho anh sớm hơn?","You can't do it in time. Then why didn't you tell me earlier?"
17,"Em nghĩ chỉ cần báo khi không kịp thôi. Xin lỗi vì giờ em mới nói.","I thought I could just let you know if I couldn't do it in time. I'm sorry I only told you now."
17,"Lần sau nếu thấy không hoàn thành được đúng hạn thì phải báo cho anh trước 1/4 thời lượng công việc.","Next time if you find you can't complete the task on time, you have to let me know before 1/4 (1 quarter) of the task's duration"
17,"Ví dụ, nếu em được giao công việc trong hai ngày (16 giờ) thì phải báo cho anh ít nhất 4 giờ trước nếu không làm kịp.","For example, if you are assigned a task to do in two days, sixteen hours, you must notify me before at least four hours if you cannot finish it on time."
17,"Dạ, em hiểu rồi. Em sẽ rút kinh nghiệm lần sau.","Oh, yes, I understand. I will learn from my mistakes next time."
18,"Long em lại chậm tiến độ nữa rồi, sao em chỉ gửi email nói là không hoàn thành tiến độ vậy? Em nên cung cấp thêm thông tin liên quan.","Long are you behind schedule again why did you just send an email saying you couldn't complete the schedule. You should have provided more relevant information"
18,"Vâng. Em nghĩ chỉ cần gửi email thông báo về sự chậm trễ là đủ.","Yes. I thought just sending an email to notify of the delay would be enough"
18,"Em nên bao gồm những thông tin sau: tại sao bị trễ, em đang gặp vấn đề gì, có cần giúp đỡ không, giải pháp của em là gì, khi nào em dự kiến hoàn thành, có cách nào tránh ảnh hưởng đến các công việc tiếp theo không.","you should include the following information why is it late what problem are you having do you need help what is your solution when do you expect to complete the task is there any way to avoid affecting the next tasks"
18,"Ồ, em chưa có kinh nghiệm trong tình huống này. Để em gửi lại email cho anh.","Oh, I have no experience in this situation. Let me email you again."
19,"Chào mọi người, trong buổi họp daily stand-up hôm nay, chúng ta sẽ chào đón một thành viên mới, Long fresher.","Hi everyone, in today's daily stand-up meeting, we will welcome a new member, Long fresher"
19,"Vâng, em mong nhận được sự giúp đỡ của mọi người.","Yes, I look forward to everyone's help."
19,"Trung phát biểu trước, làm gương, rồi đến Long.","Trung speaks first, set an example, then Long."
19,"Vâng, em sẽ trả lời ba câu hỏi trong mỗi buổi họp daily stand-up.","Yes, I will answer three questions in each daily stand-up meeting."
19,"Câu hỏi thứ nhất, hôm qua em đã làm gì? Hôm qua em làm nhiệm vụ code một màn hình để tạo báo cáo sản phẩm sắp hết hạn trong hệ thống.","First question, what did I do yesterday? Yesterday I did the task of coding a screen to create a report of products about to expire in the system."
19,"Câu hỏi thứ hai, hôm nay em sẽ làm gì? Hôm nay em sẽ tiếp tục làm màn hình đó. Đồng thời, em sẽ bắt đầu viết unit test cho màn hình đó.","Second question, what will I do today? Today I will continue to work on that screen. At the same time, I will start unit testing that screen."
19,"Câu hỏi thứ ba, em có gặp khó khăn gì không? Hiện tại em đang gặp một chút vấn đề với việc xử lý responsive cho giao diện màn hình này. Em sẽ cố gắng tiếp tục. Nếu đến 9h30 sáng nay em vẫn chưa làm được, em sẽ nhờ mọi người hỗ trợ.","Question three, am I having any trouble? I am currently having a little problem with handling the responsiveness of this screen interface. I will try to continue. If by 9.30 this morning, I still cannot do it, I will ask you guys to support me."
19,"Ok, cảm ơn Trung. Báo cáo của em rất chuyên nghiệp. Giờ đến lượt Long.","Okay, thanks Trung. Your report is very professional. Now it's Long's turn."
20,"Long, chức năng của em đã làm được tới đâu rồi?","Long, how far have you gone in your function?"
20,"Em đang gặp vấn đề kỹ thuật mà em chưa giải quyết được.","I am having a technical problem that I haven't been able to resolve yet."
20,"Em đã tự xử lý vấn đề đó trong bao lâu rồi?","How long have you been dealing with that problem yourself?"
20,"Dạ, đã hơn một ngày rồi. Em vẫn đang cố tìm cách xử lý.","Yes, it's been more than a day. I'm still trying to figure out how to handle it."
20,"Trời ơi, sao em lại chờ lâu như vậy?","Oh my god, why did you wait so long?"
20,"Bình thường nếu gặp vấn đề kỹ thuật, sau khoảng 1-2 tiếng mà vẫn chưa xử lý được thì em phải nhờ người có kinh nghiệm hỗ trợ ngay.","Normally, if you encounter a technical problem, after about 1-2 hours, if you still can't handle it, you have to ask experienced people for support immediately."
20,"Nếu em làm vậy sẽ ảnh hưởng đến tiến độ dự án, em hiểu chưa?","If you do that, it will affect the progress of the project, do you understand?"
20,"Dạ, em nghĩ phải tự xử lý xong mới nhờ người khác.","Yes, I think I have to handle it myself before asking others."
20,"Đúng là em phải tự xử lý trước. Nhưng phải có giới hạn thời gian, sau giới hạn đó nếu vẫn chưa xử lý được thì phải nhờ đồng nghiệp hỗ trợ, để không ảnh hưởng tới dự án.","It is true that you have to handle it yourself first. But there must be a time limit, after that limit, if you still cannot handle it, you must ask your colleagues for support, so as not to affect the project."
20,"Vâng, em hiểu rồi. Em sẽ rút kinh nghiệm.","Oh yes, I understand. I will learn from my experience."
21,"Long, em đã gửi email cho anh bản báo cáo màn hình em đang làm chưa?","Long, have you emailed me the screen report you're working on?"
21,"Anh đã bảo em gửi cách đây bốn tiếng rồi.","I asked you to send it four hours ago."
21,"Dạ, em đã gửi hơn một tiếng trước rồi.","Yes, I sent it more than an hour ago."
21,"Ồ vậy sao? Để anh kiểm tra hộp thư.","Oh really? Let me check my inbox."
21,"À, anh tìm thấy rồi. Em quên không thêm tiền tố dự án ABC vào tiêu đề email, nên email của em không tự nhảy vào thư mục riêng của dự án.","Oh, I found it. You forgot to put the prefix project ABC in the email subject, so your email didn't automatically jump to my project specific folder."
21,"Ôi, em quên mất. Xin lỗi anh.","Oh, I forgot. Sorry."
21,"Hằng ngày anh nhận rất nhiều email khác nhau. Vì vậy em phải nhớ tuân thủ quy định của dự án, đó là thêm tiền tố tên dự án vào tiêu đề email.","Every day I receive many different emails. So you must remember to follow the project's regulations, which is to add the project name prefix to the subject of the email."
22,"Long, sao em viết QNA trùng lặp vậy?","Long, why did you write duplicate QNA?"
22,"Ơ, em chỉ viết một câu thôi, em không viết nhiều câu nên không thể bị trùng được.","Oh, I only wrote one sentence, I didn't write many sentences so it can't be duplicated."
22,"Ý anh là em viết một QNA mà trước đó đã có người khác hỏi một câu tương tự rồi.","I mean you wrote a QNA and someone else asked a similar question before."
22,"Ồ, vậy hả? Danh sách QNA nhiều câu hỏi quá, em lười đọc lại các câu trước để xem có ai hỏi giống mình không.","Oh, is that so? The QNA list has too many questions, I'm too lazy to read the previous questions to see if other people have asked my question."
22,"Trời ơi. Lần sau em phải chịu khó kiểm tra xem có ai hỏi chưa. Thường thì anh đã trả lời cho người khác rồi. Khi thấy chưa ai hỏi thì em mới viết câu hỏi vào file Q&A nhé.","Oh my god. Next time you have to try to find out if someone has asked that question. And usually I have already answered someone else's question. When you see that no one has asked your question, you will write your question in the Q&A file."
22,"Dạ vâng, em hiểu rồi. Em sẽ rút kinh nghiệm.","Oh yes, I understand. I will learn from my experience."
23,"Long, lại đây nói chuyện về cái Q&A này.","Long, come here and talk about this Q&A."
23,"Dạ, em đây chị.","Yes, I'm here, sister."
23,"Xem cái Q&A em viết này: 'Tài liệu không mô tả textbox ABC lấy dữ liệu từ đâu, vậy giờ em phải lấy ở đâu ?'","See the Q&A you wrote: 'The document does not describe where the textbox ABC gets the data from, where should I get it now ?'"
23,"Dạ, em nghĩ câu này bình thường, không có vấn đề gì.","Yes, I think this sentence is normal, no problem."
23,"Với em thì bình thường, nhưng khi em gửi câu hỏi này cho khách hàng thì lại rất bất thường.","For you it's normal, but when you send this question to customers it's very unusual."
23,"Khách hàng không bao giờ chấp nhận những câu hỏi kiểu này. Vì nó cho thấy một điều, là em chưa bỏ thời gian để tìm hiểu vấn đề.","Customers never accept questions like this. Because it shows one thing, that is, you have not invested time in understanding the problem."
23,"Nghĩa là, thay vì hỏi dữ liệu lấy từ đâu, thì trước tiên em phải tự nghiên cứu.","That is, instead of asking where to get the data, you have to research it yourself first."
23,"Rồi em phải đưa ra gợi ý: 'Theo em hiểu thì dữ liệu được lấy từ cột ABC của bảng XYZ'. Nếu gợi ý sai thì khách hàng sẽ sửa lại cho em.","Then you have to suggest: 'As I understand, the data is taken from column ABC of table XYZ'. If your suggestion is wrong, the customer will correct you."
23,"Đừng hỏi khách hàng là lấy dữ liệu ở đâu. Hỏi như vậy làm khách hàng cảm thấy em chỉ biết hỏi, không biết tự tìm hiểu gì hết, gặp gì cũng hỏi, và không có trách nhiệm tìm hiểu. Em hiểu chưa?","Do not ask the customer where to get it. Asking like that makes the customer feel that you only know how to ask, do not know how to research anything, ask whenever you come across anything, and have no responsibility to find out anything. Do you understand?"
23,"Dạ, em hiểu rồi. Lần sau em sẽ tự nghiên cứu trước, và sẽ hỏi theo kiểu đưa ra 1 hoặc nhiều phương án cho khách hàng chọn, đúng không ạ?","Oh, I understand. Next time I will research before asking, and will ask questions like giving 1 or more options for customers to choose, right?"
23,"Đúng chính xác.","Exactly."
24,"Chị Thanh ơi, em có một Q&A gấp, nhưng khi em hỏi BA thì BA bảo phải hỏi khách hàng.","Ms.Thanh, I have an urgent Q&A, but when I asked BA, BA said she have to ask the customer."
24,"Em đã chờ khách hàng trả lời hai ngày rồi, giờ em chỉ ngồi đây không làm gì, đến lúc khách hàng trả lời thì em không kịp làm.","I've been waiting for the customer to answer for two days, now I'm just sitting here doing nothing, by the time the customer answers, I won't be able to do it in time."
24,"Ồ, vậy là em đã ngồi không suốt hai ngày qua.","Oh, so you've been sitting around doing nothing for the past two days."
24,"Thì em cũng làm vài việc lặt vặt, nhưng em không biết khách hàng sẽ trả lời thế nào, nên chỉ ngồi chờ thôi.","Well, I also do some odd jobs, but I don't know how the customer will respond, so I just sit and wait."
24,"Không được rồi. Trong lúc chờ khách hàng phản hồi, em hãy làm theo giải pháp mà em nghĩ là khả thi nhất.","Oh no, that's not possible. While waiting for the customer to respond, just follow the solution that you think is the most feasible."
24,"Khi em đề xuất giải pháp với khách hàng, rất có thể khách hàng sẽ đồng ý với giải pháp của em.","When you propose a solution to the customer, it's likely that the customer will agree with your solution."
24,"Vậy nên thay vì chờ khách hàng phản hồi, em cứ làm theo giải pháp mà em nghĩ là tốt nhất. Như thế sẽ tiết kiệm thời gian.","So instead of waiting for the customer to respond, just follow the solution that you think is the best. That will save you time."
24,"À, em hiểu rồi. Em chưa có kinh nghiệm trong tình huống như thế này. Để em bắt tay làm ngay trước khi quá muộn. Cảm ơn chị đã chỉ bảo. Chị thật là lịch sự.","Oh, I see. I have no experience in situations like this. Let me get started now before it's too late. Thanks for showing me. You are so polite."
25,"Em Long, tại sao em lại hỏi khách hàng câu này?","Long, why are you asking this question to customers?"
25,"Dạ, có vấn đề gì với câu hỏi: trên cơ thể có bao nhiêu loại huyệt đạo không ạ?","Yeah, is there a problem with the question: how many types of acupuncture points are there on the body?"
25,"Đúng rồi. Em có biết chỗ sai ở đâu không?","Yes. Do you know what's wrong?"
25,"Dạ không, chị giúp em với.","No, just help me."
25,"Đây nhé. Em đang làm một dự án về quản lý phòng khám y học cổ truyền.","Here. You are doing a project on managing a traditional medicine clinic."
25,"Mình phải nói với khách hàng rằng công ty đã có kinh nghiệm với các dự án trong lĩnh vực này thì họ mới giao việc. Điều đó có nghĩa là khách hàng kỳ vọng em đã hiểu về y học cổ truyền.","We have to tell the customer that we have experience with projects in this field before they will give us work. That means the customer is expecting that we already understand traditional medicine."
25,"Bây giờ em lại hỏi khách hàng những câu hỏi cơ bản về y học cổ truyền. Như vậy chẳng phải là để lộ thiếu sót của mình cho họ thấy sao?","Now you are asking the customer basic questions about traditional medicine. Is this any different from revealing our shortcomings to the public?"
25,"À, em hiểu rồi. Vậy có nghĩa là em phải hỏi đồng nghiệp hoặc tra cứu trên mạng ạ?","Oh, I see. Does that mean I have to ask my colleagues or look this up online?"
25,"Đúng rồi.","That's right."
26,"Chị Thủy, khách hàng đã trả lời Q&A của em chưa?","Ms Thuy, has the customer answered my Q&A yet?"
26,"Ơ, khi nào em viết Q&A vậy? Sao chị không thấy thông báo gì cả?","Hey, when did you write Q&A? Why don't I see any notification?"
26,"À, em tưởng chị kiểm tra file Q&A thường xuyên nên em không báo.","Oh, I thought you checked the Q&A file regularly so I didn't tell you."
26,"Khi chị biết có Q&A mới thì chị sẽ kiểm tra và hỏi khách hàng. Sao lần này em lại không báo chị, trong khi bình thường em vẫn gửi email thông báo Q&A?","When I know there is a new Q&A, I will check and ask the customer. Why did you not notify me this time when you usually send an email to notify me of a Q&A?"
26,"À, em tưởng việc gửi email thông báo chỉ là hình thức thôi. Em nghĩ chị vẫn kiểm tra file Q&A thường xuyên.","Oh, I thought sending the notification email was just a formality. I thought you still check the Q&A file regularly."
26,"Quy trình dự án đã được thiết lập sẵn rồi. Em chỉ cần làm theo quy trình. Sao em lại tự ý thay đổi quy trình vậy?","The project process is already in place. So just follow the process. Why do you change the process on your own?"
26,"Không phải tự nhiên mà người ta có quy định là mỗi lần có Q&A thì BA phải được thông báo ngay lập tức đâu.","It's not for nothing that people have a rule that every time there is a Q&A, the BA must be notified immediately."
26,"Dạ, em xin lỗi ạ.","Yes, I'm sorry."
27,"Anh Tuấn ơi, máy tính của em không khởi động được.","Mr. Twan, my computer won't start."
27,"Để anh xem. Ồ, nó báo là không phát hiện ổ cứng. Có vẻ ổ cứng bị hỏng rồi.","Let me see. Oh, it says it can't detect the hard drive. It looks like the hard drive is broken."
27,"Em mang máy tính qua phòng IT để họ kiểm tra đi.","Take your computer to the IT department to check it."
27,"Bộ phận IT đã kiểm tra và họ nói ổ cứng thực sự bị hỏng, dữ liệu không thể phục hồi. Em có dữ liệu quan trọng nào trên máy không?","The IT checked and they said the hard drive is really broken, the data cannot be recovered. Do you have any important data on your computer?"
27,"Dạ có, em có source code. Em đang code chức năng hiện tại. Giờ mất hết rồi.","Yes, I have my source code. I am coding the current function. Now it's all gone."
27,"Khoan đã, chẳng lẽ em không commit source code mà mình làm vào cuối mỗi ngày trước khi về à?","Wait, don't you commit the source code you work on at the end of each day before leaving?"
27,"Em chỉ push code lên GitHub khi nào code xong thôi.","Yes, I will push the code to GitHub when the code is finished."
27,"Anh tưởng mấy cái này em đã được dạy hoặc tự học từ hồi đại học rồi chứ. Không lẽ cái gì cũng phải chỉ cho em từng bước.","Oh, I thought you would have been taught these things or learned them yourself while you were in university. We don't have to teach you everything step by step."
27,"Em chưa có kinh nghiệm trong việc này. Giờ em phải code lại chức năng hiện tại từ đầu.","I have no experience in this. Now I have to recode the current function from scratch."
28,"Long, tại sao màn hình của em không cập nhật dữ liệu vào cột ABC của bảng XYZ?","Long.Why doesn't your screen update data into column ABC of Table XYZ?"
28,"Dạ, em thấy tài liệu mô tả user story và tài liệu thiết kế cơ sở dữ liệu không khớp nhau. Nhưng em nghĩ tài liệu mô tả cơ sở dữ liệu đúng, nên em làm theo tài liệu đó.","Oh, I see that the user story description document and the database design document do not match. But I think the database description document is correct, so I follow that document."
28,"Ồ, khi thấy hai tài liệu có nội dung không nhất quán, em phải xác nhận lại với tác giả của tài liệu.","Oh, when you see two documents with inconsistent content, you have to confirm with the author of the document."
28,"Em có quyền đưa ra giả định, nhưng phải xác nhận xem giả định của mình có đúng không, đúng không?","You have the right to make your assumptions, but you have to confirm whether your assumptions are correct or not, right?"
28,"À, em cứ nghĩ mình phải tự biết cái nào hợp lý hơn rồi làm theo.","Ah, I thought I had to know which one was more reasonable and then follow it."
28,"Không chỉ chuyện này đâu. Từ giờ trở đi, nếu thấy có gì chưa chắc chắn, em phải xác nhận.","Not just this. From now on, if you see anything uncertain, you must confirm."
28,"Dạ, em hiểu rồi. Để em xác nhận lại với team DB và team BA.","Yes, I understand. Let me confirm with the DB team and BA team."
29,"Long, em không làm unit testing à? Anh không thấy lỗi unit testing của em trên Jira.","Long, you didn't do unit testing? I cannot see your unit testing defects on Jira"
29,"Em không biết là mình phải làm unit testing.","I don't know that I have to do unit testing"
29,"Khoan đã, chẳng phải em đã học ở đại học rằng sau khi code phải làm unit testing sao?","Wait, didn't you learn in university that we have to do unit testing after coding?"
29,"Ồ, em có nghe thầy cô nói, nhưng họ chỉ nói sơ qua. Em tưởng nó không quan trọng nên không chú ý.","Oh, I heard my teachers say it, but they just said it briefly. I thought it wasn't important so I didn't pay attention"
29,"Anh nhớ trong môn kiểm thử phần mềm có dạy unit testing rất kỹ. Có lẽ em chưa học kỹ rồi. Giờ em làm unit testing cho module của mình trước khi gửi sản phẩm sang tester kiểm thử nhé.","I remember the software testing course taught unit testing thoroughly. You probably didn't study it carefully. Now you do unit testing for your module before sending the product to the testers for testing."
29,"Dạ vâng. À, cho em hỏi, em không thấy có task unit testing trong lịch trình. Vậy thời gian unit testing được phân bổ ở đâu ạ?","Yes sir, oh, let me ask you, I don't see the unit testing task in the schedule. So where is the unit testing time allocated?"
29,"Dạ, em hiểu rồi. Em sẽ làm unit testing ngay bây giờ.","Yes, I understand. I will do unit testing now."
30,"Chị Thanh ơi, lúc nãy anh Tuấn bảo em làm unit testing. Thật ra em có học ở đại học nhưng giờ không nhớ gì cả. Em sợ anh Tuấn la nên không dám hỏi.","Ms.Thanh, earlier Mr.Tuan ask me to do unit testing. To be honest, I learned it at university but I don't remember anything. I was afraid Mr. Twan would scold me so I didn't dare ask him."
30,"Chị là tester nên chắc chị biết chuyện này, chị có thể chỉ em cách làm unit testing không?","You are a tester so you must know about this, can you tell me how to do unit testing?"
30,"Mặc dù chị là tester, nhưng chị chỉ biết lý thuyết về unit testing thôi, vì chị không phải developer. Em nên hỏi anh Tâm hoặc anh Trung.","Even though I am a tester, I only know the theory about unit testing, because I am not a developer. You should ask Mr.Tam or Mr.Trung"
30,"Unit testing có hai phương pháp: white box testing và black box testing. Em nên ôn lại lý thuyết của hai cái này trên mạng. Nếu chị nói hết bây giờ thì sẽ tốn nhiều thời gian.","Unit testing includes two methods: white box testing and black box testing. You should review the theory of these two online. If I tell you now, it will take a lot of time."
30,"Công ty mình áp dụng cả white box testing lẫn black box testing. Em chỉ cần học lại rồi có gì không hiểu thì hỏi chị.","Our company does both white box testing and black box testing. Just learn about it and ask me if you don't understand anything."
30,"Nếu bây giờ em đọc lại lý thuyết thì em không biết phải đọc ở đâu và bắt đầu như thế nào. Có cách nào nhanh hơn không?","Now if I read the theory again, I don't know where to read and how to start reading again. Is there a faster way?"
30,"Ồ, em nên hỏi ChatGPT. AI sẽ xử lý được mấy cái kiến thức cơ bản này.","Oh you should ask chat GPT. These should be okay with AI, because it's basic knowledge."
31,"Anh Tâm ơi, cho em hỏi về unit testing.","Mr. Tam, let me ask you about unit testing."
31,"Em có hai câu hỏi muốn hỏi anh.","I have two questions for you."
31,"Câu hỏi thứ nhất là, em thấy trên mạng người ta nói unit testing chỉ làm white box testing chứ không làm black box testing. Vậy tại sao công ty mình lại làm cả black box testing nữa?","The first question is, I see on the internet that people say unit testing only does white box testing, not black box testing. So why does our company also do black box testing?"
31,"Công ty mình thường làm white box testing. Nhưng trong lý thuyết kiểm thử phần mềm, nêu rõ unit testing bao gồm cả white box và black box.","We often do white box testing. But in software testing theory, it is clear that unit testing includes both white box and black box."
31,"White box chỉ đảm bảo các hàm em viết trong code không bị lỗi, không có code dư thừa hay vòng lặp vô tận.","White box only ensures that the functions you write in the code are error free and do not have redundant code, or do not have infinite loops."
31,"Còn để đảm bảo màn hình em tạo ra không bị lỗi giao diện và các chức năng hoạt động đúng, thì em phải làm thêm black box testing. Công ty mình yêu cầu cả hai cái đó là hợp lý.","To ensure that the screen you create has no interface errors and the functions actually work properly, you must also do black box testing. My company requires both of those, which is reasonable."
31,"Vâng, em hiểu rồi. Câu hỏi thứ hai là, khi viết test case cho white box testing, thì mình phải đảm bảo test case bao phủ tất cả đường đi của code (tức C3) như trong lý thuyết đúng không ạ?","Yes. I understand. And the second question is, when writing white box testing test cases, we will ensure that the test cases will cover all code paths (i.e C3) as in theory, right?"
31,"Không, thực tế thì em chỉ cần bao phủ tất cả các nhánh, tức là C2, như vậy là đủ. C3 sẽ tốn rất nhiều thời gian và công sức.","No, actually you just need to cover all the branches, I.e C2, and that's enough, i.e C3 will take a lot of time and effort."
31,"À, em hiểu rồi. Cảm ơn anh nhiều.","Oh, I see. Thanks a lot."
32,"Tại sao công ty mình yêu cầu chụp ảnh bằng chứng khi test màn hình, nhưng công ty bạn mình thì không?","Why do I see that our company requires taking test evidence photos when testing screens, but I don't see any of my friends companies doing this?"
32,"Đúng vậy, các công ty outsourcing cho khách hàng Nhật thường làm vậy. Nhưng các công ty cho khách hàng châu Âu và Mỹ thì không.","Yes, outsourcing companies for Japanese customers usually do this. But companies for European and American customers never do this"
32,"Tôi nghĩ việc chụp bằng chứng để chứng minh màn hình không lỗi là mất thời gian hơn là test. Mình đã làm báo cáo test rồi, chẳng lẽ người Nhật không tin mình sao?","I think taking test evidence to prove that my screen is error-free is a waste of time rather than testing. We've already done the test report, do the Japanese not believe us?"
32,"Đúng rồi, người Nhật rất khắt khe, nhưng chúng ta cũng không đến nỗi nào. Nhiều người không chụp bằng chứng mà dùng phần mềm chỉnh sửa ảnh để làm giả bằng chứng. Nhưng đừng bắt chước họ. Haha.","That's right, the Japanese are very picky and we're not that bad either. Many people don't take test evidence but use image processing software to fake test evidence. But don't imitate them. Haha."
32,"Đúng là người Việt mình đầy mánh khóe.","It's true that Vietnamese people are full of tricks"
33,"Chị Thanh ơi, khi mình log defect thì có phải chọn loại defect không?","Ms Thanh, when we log a defect, do we have to choose what type of defect is"
33,"Đúng rồi, đó là thông tin quan trọng để sau này mình có thể làm báo cáo test chính xác.","Yes, that is important information so that we can make an accurate test report later."
33,"Nhưng em thấy các mục trong list box này khó chọn quá. Em không biết chọn mục nào.","But I find the items in this list box so difficult to choose. I don't know which item to choose."
33,"À, ý em là mấy mục này phải không?","Oh, you mean these items right?"
33,"Đúng rồi đó. Mấy thứ này nhìn thì đơn giản mà khó hiểu hơn cả code.","Yes, that's right. These things look simple but they are more difficult to understand than coding."
33,"Để chị giải thích cho em. Coding convention defects là lỗi liên quan đến việc đặt tên biến, method, class, comment code không đúng theo quy định của dự án. Nghĩa là code của em vẫn chạy đúng nhưng không tuân thủ quy định trình bày code của dự án.","Let me explain. Coding convention defects relate to naming variables, methods, classes, commenting code, that are not in accordance with the project's regulations. That is, your code still runs correctly but does not comply with the project's code presentation regulations."
33,"Coding logic defects là lỗi khi em hiểu business đúng nhưng code sai, dẫn đến kết quả sai.","Coding logic defects are defects where you understand the business correctly but code incorrectly, leading to incorrect results."
33,"Wrong business logic defects là do hiểu sai business, nên kết quả bị sai.","Wrong business logic defects occur because of a misunderstanding business, so the result is wrong."
33,"À, em hiểu rồi. Chị giải thích dễ hiểu thật.","Oh, I see. Your explanation is easy to understand."
34,"Chị Thanh ơi, em kể chị nghe chuyện này.","Ms Thanh, let me tell you something."
34,"Nghe có vẻ thú vị đó, kể chị nghe đi.","Sounds curious, tell me."
34,"Ý em là chị Thảo cũng rất linh hoạt. Có lúc chị ấy chỉ phát hiện defect của em rồi nói chuyện trực tiếp với em, không cần log defect lên Jira.","I mean, Miss Thao is also very flexible. Sometimes she just finds my defects and then chats with me about the content, without needing to log the defect on Jira."
34,"Thật sao? Vậy là chị ấy làm sai rồi, chứ không phải linh hoạt đâu. Nhưng mà chị tưởng tester phải linh hoạt và nên được thăng chức chứ. Haha!","Is that true? So she's doing it wrong, not flexible. But I thought testers were flexible and should be promoted. Haha!"
34,"Nếu em gặp defect mà không log lên Jira thì thống kê defect sau này sẽ không chính xác, ảnh hưởng đến dữ liệu của dự án.","If you encounter a defect and do not log it in Jira, the defect statistics will be inaccurate later, affecting the project's data."
34,"Công ty bạn em làm vậy suốt, sao công ty mình lại phải ghi chép mấy dữ liệu phức tạp này làm gì?","My friends company does it all the time, why does our company have to keep track of these complicated data?"
34,"Nếu mình không làm vậy thì sẽ khó kiểm soát chất lượng của dự án.","If we don't do that, it will be difficult to control the quality of the project."
34,"Đúng là làm cho công ty lớn mệt thật đó. Em nghĩ làm cho công ty nhỏ có khi sướng hơn.","Yes! Working for a big company is tiring, isn't it? I think working for a small company is better."
34,"Cái nào cũng có cái hay và cái dở riêng thôi.","Each has its own good and bad points."
35,"Em đã log các defect của unit testing chưa?","Are you logging unit testing defects?"
35,"Dạ rồi, em đã làm xong unit testing và giờ đang log các defect lên JIRA.","Yes, I've finished the unit testing and now I'm logging the defects to JIRA."
35,"Sao em không log từng defect ngay khi phát hiện, mà đợi đến khi phát hiện hết rồi mới log một lần vậy?","Why don't you log each defect right after catching one, but wait until you catch all of them before logging them all at once?"
35,"Em lười đó. Bắt được hết lỗi rồi log một lần cho tiện.","I'm lazy. After catching all the defects, log them all at once for convenience."
35,"Làm vậy dễ bị sót lỗi lắm. Nên nếu phát hiện lỗi nào thì log ngay lên JIRA luôn nhé.","You can easily miss bugs by doing that. So if you find any bugs log them to JIRA immediately."
35,"Dạ đúng là có lúc em phải ngồi nhớ lại rất lâu mới ghi được hết các lỗi đã phát hiện. Lần sau em sẽ làm như chị nói.","Yes, it is true that sometimes I have to sit for a long time to remember all the defects I have caught. Next time I will do as you said."
36,"Long, mở file unit test case của em ra để chị nói chuyện này.","Long, open your unit test case file so I can tell you this."
36,"Dạ, chị đợi em chút, để em mở nó ra.","Yes, wait for me a moment, let me open it."
36,"Khoan đã, em để file unit test case trên desktop hả?","Wait, did you put your unit test case file on the desktop?"
36,"Dạ đúng rồi, em để vậy cho tiện tìm. Em để tất cả các file quan trọng hoặc đang dùng trên desktop.","Yes, I leave it like that for convenience and ease of finding. I leave all the files I'm using or important on the desktop."
36,"Ôi, em không nên làm vậy đâu. Em nên tạo thư mục ở ổ D hoặc ổ E, tránh ổ C, rồi để tất cả file của em trong đó. Khi em để trong các thư mục như Download, Desktop, My Document, nếu Windows bị lỗi, bộ phận IT sẽ format ổ C và em sẽ mất hết dữ liệu.","Oh, you shouldn't do that. You should create a folder in drive D or E, avoid drive C. Then put all your files in those drives. When you put them in folders like download, desktop, my document, if your windows is damaged, IT will format drive C and you will lose all your data."
36,"Ôi, em chưa từng nghĩ tới chuyện đó. Cảm ơn chị đã nhắc em.","Oh, I hadn't thought of that. Thanks for letting me know."
37,"Long, đọc giúp chị các comment trong code review, sửa lại rồi báo cho chị để chị review lại nhé.","Long, please read my code review comments, fix them and let me know so I can review them again for you."
37,"Dạ, em sẽ làm ngay ạ.","Yes, I'll do it right away."
37,"Em đã sửa xong hết rồi, chị review lại giúp em nhé.","I have fixed everything, please review it for me."
37,"Lại đây nói chị nghe, em học được gì sau lần code review đầu tiên này?","Come here and tell me what you learned from this first code review."
37,"Dạ, đầu tiên là em học được cách code theo coding conventions. Mấy cái này tưởng đơn giản mà em vẫn sai ở nhiều chỗ.","Yes, first of all, I learned how to code according to coding conventions. These are simple things, but I still make the same mistake in many places."
37,"Thứ hai là em chưa biết cách xử lý các lỗi phổ biến như try-catch NullPointerException hay NumberFormatException. Khi biến tham chiếu bị null hoặc dữ liệu đầu vào không hợp lệ, chương trình sẽ bị lỗi và dừng.","Second, I don't know how to trap common errors like try catch null point exception or number format exception. When the reference variable is null or the input data is not a valid number, the program will error and stop."
37,"Thứ ba là có vài chỗ thuật toán của em chưa được tối ưu, cách làm của em vẫn còn rườm rà. Chị chỉ cần nhìn qua là có thể tối ưu ngay. Chị thật sự đỉnh luôn.","Third, there are some places where my algorithm is not optimized yet, and my solution is still cumbersome. You can optimize the algorithm for me right away with just one look. You are truly top notch."
37,"Biết nịnh ghê ha, haha. Lần sau khi code, nếu thấy chỗ nào chưa chắc hoặc chưa tối ưu, em nên hỏi chị hoặc Châu. Đừng bắt đầu làm khi vẫn còn cảm thấy do dự.","You know how to flatter, haha. Next time when coding, if you see something uncertain or not optimized, you should consult me or Chew. Don't start doing something if you still feel hesitant."
38,"Chào mọi người, hôm nay chúng ta sẽ tiến hành buổi sprint review cho sprint vừa rồi. Cuộc họp có sự tham gia của tất cả các thành viên trong dự án. Product Owner sẽ review sản phẩm của mọi người. Nếu ai có thắc mắc gì thì có thể hỏi Product Owner nhé.","Hi everyone, today we will conduct a sprint review for the last sprint. The meeting is attended by all members of the project. The product owner will review everyone's product. If you have any questions, you can ask the product owner."
38,"Chào mọi người. Rất vui được gặp lại. Chúng ta cùng thảo luận thoải mái nhé.","Hello everyone. Nice to see you again. Let's discuss freely."
38,"Long bắt đầu trước đi, vì module của em là đơn giản nhất nên em trình bày trước nhé. Cứ tự tin lên.","Long start first, because your module is the simplest, so you start first. Be confident."
38,"Dạ, em chào mọi người. Đây là lần đầu tiên em làm việc này. Nếu có gì sai sót, mong mọi người góp ý giúp em.","Yes. Hello everyone. This is my first time doing this. If there are any mistakes, please let me know."
38,"Em bắt đầu nhé.","Go ahead."
38,"Dạ, em được giao làm màn hình tạo mới phòng khám. Em làm cả front-end và back-end. Trước tiên, em xin demo phần giao diện.","Yes. I was assigned to create the create new clinic screen. I did both the front end and back end. First, I would like to demo the interface."
38,"Để vào được màn hình này, chúng ta phải click vào 'Clinic' trong menu.","To get to this screen, we have to click on 'Clinic' in the menu."
38,"Chúng ta phải nhập dữ liệu vào các mục A, B, C. Các mục D, E, F là tùy chọn.","We must fill data in items A, B, C. Items D, E, F are optional."
38,"Khoan đã. Mục D cũng là bắt buộc nhé.","Wait for minutes. Item D is also required."
38,"Dạ, để em ghi chú lại và sửa.","Yes. let me note it down and fix it."
38,"Tiếp theo, nếu nhập sai định dạng email, màn hình sẽ hiển thị thông báo lỗi với nội dung như thế này. Em đã trình bày xong phần giao diện, bây giờ em xin trình bày phần code backend.","Next, if we enter the wrong email format, the screen will display an error message with the content. I have finished presenting the interface. Now I will present the backend code."
38,"Em tạo 2 hàm API và đưa dữ liệu vào bảng Clinic như thế này.","I create 2 API functions and put the data into the Clinic table like this."
38,"Ổn rồi đó. Nhớ sửa phần mà David đã comment nhé. Tiếp theo, mời anh Trung.","OK, bro. Remember to fix the part David commented on. Next. MrTrung, please."
39,"Chào mọi người, hôm nay chúng ta sẽ có buổi họp sprint retro cho sprint vừa rồi.","Hello everyone, today we are going to have a sprint retro meeting for the last sprint."
39,"Nếu ai có ý kiến gì thì hãy xung phong phát biểu trước nhé.","If anyone has any ideas, please volunteer to speak first."
39,"Em xin phát biểu trước. Em thấy vấn đề này đã được nêu ra nhiều lần rồi, nhưng đến giờ vẫn chưa cải thiện. Đó là chất lượng unit testing vẫn còn thấp. Vẫn còn nhiều lỗi unit testing mà dev để lọt tới tester.","I have an opinion first. I see this issue has been raised many times, but until now it has not improved. That is the quality of unit testing is still low. There are still many unit testing errors that devs let slip to testers."
39,"Lần trước chúng ta đã thống nhất rằng dev phải làm nhiều api testing hơn trước khi giao cho tester. Việc đó đã được thực hiện chưa nhỉ?","Last time we agreed that dev must do more API testing before handing it over to tester. Has that been done yet?"
39,"Đúng là dev đã làm api testing và phần đó đã cải thiện nhiều rồi. Điều em muốn nói ở đây là vẫn còn nhiều lỗi nhỏ liên quan đến giao diện.","It is true that the dev has done API testing and that part has improved a lot. What I want to say here is that there are still a lot of small errors related to the interface."
39,"Em nghĩ điều này cũng liên quan đến ý thức của các developer. Họ vẫn chủ quan, nghĩ rằng tester kiểu gì cũng sẽ phát hiện ra lỗi, nên vẫn có tư tưởng test qua loa.","I think this is also related to awareness. Developers still subjectively think that testers will somehow catch those errors, so they still have the mindset of testing carelessly."
39,"Em nghĩ một phần là do effort dành cho unit testing còn ít. Em thấy thời gian dành cho coding cộng với unit testing, log bug và fix bug vẫn chưa đủ.","I think it's partly because of the less effort spent on unit testing. I think the time spent on coding plus unit testing plus bug logging plus bug fixing is still not enough."
39,"Vậy thì PM phải thống kê effort thực tế mà team cần để làm unit testing và fix bug.","Then PM must conduct statistics on the actual effort needed for the team to do unit testing and bug fixing."
39,"OK, vậy thì ngay trong biên bản cuộc họp này, giao nhiệm vụ đó cho em luôn nhé.","Okay then right in the meeting minutes that assigned that task to me."
40,"Chị Thúy ơi, PO vừa gửi tài liệu mô tả yêu cầu liên quan đến chức năng của em mà đọc thấy hoa cả mắt, em không biết bắt đầu từ đâu.","Miss Thuy, the PO newly sent requirement description document related to my function makes me dizzy reading it, I don't know where to start."
40,"À, tài liệu này hơi phức tạp một chút. Để chị chỉ cho em cách đọc và đặt câu hỏi về các tài liệu như thế này.","Well, this document is a bit complicated. Let me show you how to read and ask questions about documents like this."
40,"Chờ một chút. Để chị mang cheer ra và ngồi cạnh em. OK, bắt đầu thôi.","Wait for me a moment. Let me bring a chair out and sit next to you. OK, let's get started."
40,"Theo kinh nghiệm của chị, chị thường làm như sau. Mở file tài liệu, đọc từng dòng và highlight nó bằng màu xanh hoặc đỏ. Điều này để đảm bảo em đã đọc dòng đó và không bỏ sót dòng nào. Em hiểu không?","In my experience, I usually do the following. Open the document file, read each line and highlight it in blue or red. This is to make sure you have read that line and have not missed any lines. Do you understand?"
40,"Vâng, cách này tốt. Còn việc viết Q&A thì sao?","Yes, this way is good. What about writing Q&A?"
40,"Giả sử em đang đọc một dòng mà không hiểu, viết câu hỏi của em vào file Q&A. Sau đó, đừng dừng lại, đừng hỏi người khác viết thay, cứ tiếp tục đọc.","Suppose you are reading a line that you do not understand, write your Q&A in the Q&A file. Then, do not stop, do not ask someone else to write, just keep reading."
40,"Rất có khả năng là khi em đọc tới đoạn tiếp theo, em sẽ tự trả lời được hầu hết các câu hỏi Q&A mà em đã viết.","Most likely, by the time you read to the next paragraph, you will be able to answer most of the Q&A questions you wrote above."
40,"À, hiểu rồi. Tiếp đi, thú vị quá.","Oh, I see. Go on, it's so interesting."
40,"Phần còn lại đơn giản thôi, sau khi đọc đi đọc lại nhiều lần mà vẫn còn một số câu Q&A mà em không trả lời được, thì chỉ cần đem những câu đó đi hỏi người khác.","The rest is simple, after reading and re-reading many times and still having some Q&A questions that you can't answer yourself, you just take those questions to ask others."
40,"Nghe chị nói, em cảm thấy con đường phía trước đã sáng ra. Cảm ơn chị rất nhiều.","Listening to you, I feel like the path ahead is open. Thank you very much."
41,"Em buồn ngủ quá, Trung ơi. Từ sáng đến giờ em chưa làm được gì cả. Cảm giác như em không thể tập trung. Chị đã từng trải qua chuyện giống em chưa?","I'm so sleepy, Trung. I haven't done anything since this morning. It's like I can't concentrate. Have you ever experienced the same thing as me?"
41,"Em nghĩ chuyện đó bình thường quá. Chúng ta là con người, không phải robot có thể ngồi xuống và làm việc suốt. Em có nghe về nguyên tắc 80-20 chưa?","I thought that kind of thing is too normal. We are human, not robots that can just sit down and work. Haven't you heard of the 80-20 principle?"
41,"Chưa, hãy dạy em nguyên tắc đó đi.","No, please teach me that principle."
41,"Nguyên tắc Pareto, còn gọi là quy tắc 80-20, được đặt theo tên nhà kinh tế học nổi tiếng Wilfriedo Pareto. Nguyên tắc này nói rằng 80% kết quả xuất phát từ 20% nguyên nhân, thể hiện mối quan hệ không cân bằng giữa đầu vào và đầu ra.","The Pareto principle, also known as the 80-20 rule, is named after the esteemed economist Wilfriedo Pareto. The principle states that 80% of the consequences come from 20% of the causes, indicating an unequal relationship between inputs and outputs."
41,"Điều đó có ý nghĩa gì với câu chuyện của em?","What does it mean to my story?"
41,"80% lợi nhuận của một công ty được tạo ra bởi 20% khách hàng, 80% tội phạm do 20% tội phạm gây ra, 80% tai nạn giao thông do 20% người lái gây ra, và 20% quần áo của em được mặc 80% thời gian. Như vậy, trong một ngày, 80% kết quả công việc được tạo ra trong 20% thời gian của ngày. Em hiểu không?","80% of a company's profits are generated by 20% of its customers, 80% of crimes are committed by 20% of criminals, 80% of traffic accidents are caused by 20% of drivers, and 20% of your clothes are worn 80% of the time. Thus, in a day, 80% of your work results is generated in 20% of a day's time. Do you understand?"
41,"Vâng, em thấy đúng thật. Nguyên tắc này thật hay và có thể áp dụng vào nhiều lĩnh vực khác nhau trong cuộc sống của em.","Yes, I found it's to be true. This principle is really good and can be applied to many different areas of my life."
42,"Long, hãy xác nhận giúp chị lỗi này.","Long, please confirm this defect."
42,"Vâng, lỗi gì vậy ạ?","Yes, what defect is it?"
42,"Đây này, nếu em không nhập gì mà nhấn nút này hai lần, màn hình sẽ bị treo.","Here, if you don't enter anything and press this button twice, the screen will freeze."
42,"À, lỗi này hả chị. Thật ra em thấy rồi, nhưng em định chờ chị test ra rồi em mới sửa.","Oh, this defect, sis. Honestly, I saw this defect, but I am waiting for you to catch it and then I will fix it."
42,"Em đùa chị à? Hay em định để khách hàng phát hiện lỗi này?","Are you kidding me? Or are you going to let the customer catch this bug?"
42,"Em nghĩ là chị và khách hàng chắc cũng không phát hiện ra đâu.","I think you and our customers may not be able to detect it."
42,"Thực ra lỗi này sửa hơi khó, chứ không phải em lười đâu ạ.","Actually, this bug is a bit difficult to fix, it's not that I'm lazy."
42,"Vậy là em có hai vấn đề. Thứ nhất, em cần xem lại đạo đức nghề nghiệp của mình. Thứ hai, lỗi này sớm muộn gì cũng sẽ quay lại với em thôi, không trốn được đâu.","So, you have two issues. Firstly, you need to review your professional ethics. Secondly, the bug will inevitably come back to you, there's no escaping it."
42,"Vì vậy, nếu thấy lỗi thì tốt nhất là sửa ngay. Nếu để khách hàng phát hiện thì họ sẽ kèm theo vài lời mắng, nghe chẳng dễ chịu gì đâu.","Therefore, if you see a bug, it's best to fix it promptly. If the customer catches it, they'll add some verbal abuse, which is not a pleasant experience."
43,"Long, chị đã nhắc em về lỗi này hôm trước rồi, sao hôm nay em lại lặp lại nữa vậy?","Long, I already reminded you of this mistake the other day, why are you repeating it today?"
43,"Em xin lỗi, em không nhớ là chị đã nhắc lỗi này. Chị nhắc em nhiều lỗi quá nên em không nhớ hết.","I'm sorry, I don't remember you reminding me of this mistake. You reminded me of so many mistakes that I don't remember them all."
43,"Không phải là chị khó tính hay cố tình làm khó em đâu.","It's not that I'm being difficult or making things difficult for you."
43,"Nếu sau này em làm ở dự án khác, một PM khác sẽ không hài lòng khi em bị nhắc đi nhắc lại cùng một lỗi như vậy đâu.","If you work on another project in the future, another PM will not be satisfied with the fact that you're being reminded of the same mistake over and over again."
43,"Vâng, em biết. Vấn đề của em là em không biết cách kiểm soát hết các lỗi mà chị đã nhắc.","Yes, I know. The problem I have is that I don't know how to control all the mistakes you reminded me of."
43,"Không có gì khó cả. Vấn đề là em có muốn kiểm soát hay không thôi. Em tạo một file, ghi lại tất cả các lỗi mà chị nhắc mỗi ngày. Thỉnh thoảng mở ra đọc, xem gần đây có bị mấy lỗi đó nữa không. Vậy là xong, chẳng cần gì phức tạp.","it's not that hard. The problem is whether you want to control it or not. You make a file, write down all the mistakes I remind you of every day. Open that file from time to time, read it, and see if you still encounter those mistakes recently. That's it. No need to do anything complicated."
43,"À đúng rồi. Em chưa chuyên nghiệp nên còn chưa nghĩ ra những thứ đơn giản như vậy. Cảm ơn chị nhiều.","Oh yes. I'm not a professional yet, I can't even think of such simple things. Thank you very much."
44,"Long, hôm nay Trung nghỉ. Có một bug cần sửa gấp để gửi lại cho khách hàng. Em giúp chị sửa bug này nhé.","Long, Trung is off today. There is a bug that needs to be fixed urgently to send back to the customer. Please help me fix that bug."
44,"Vâng, chị gửi cho em ID của bug trên Jira đi ạ. Em sẽ bắt đầu sửa ngay.","Yes, please give me the ID of the bug on Jira. I will start fixing it now."
44,"Chị Thanh ơi, chị hiểu bug này không? Giải thích giúp em với.","Miss Thanh, do you understand this bug? Please explain it to me."
44,"À, bug này à. Nếu em muốn hiểu bug này, trước hết em phải tìm hiểu về nghiệp vụ của màn hình này. Nó khá phức tạp, em phải nghiên cứu kỹ trước khi sửa.","Oh, this bug. If you want to understand this bug, you must first learn about the business of this screen. It is complicated, you must study it carefully before fixing it."
44,"Hèn chi em đọc phần mô tả bug mà chẳng hiểu gì. Em tưởng bug này dễ, ai ngờ được giao cho em bug khó như thế này thì chắc em phải mất cả ngày. Vì bây giờ em phải tìm hiểu lại nghiệp vụ màn hình này từ đầu.","No wonder I read the bug description and didn't understand anything. I thought the bug was easy, but if I were asked to fix this difficult bug, it would take me all day. Because now I have to study the business of this screen from the beginning."
44,"Bình tĩnh đi. Trong dự án có lúc em phải giúp người khác sửa bug, và ngược lại, cũng có lúc người khác sẽ phải giúp em sửa bug. Hôm nay, người nhà của Trung bất ngờ phải vào bệnh viện nên cậu ấy không kịp xử lý.","Be patient. There are times in a project when you have to help others fix bugs. And vice versa, there are times when others have to help you fix bugs. Today, Trung's family members suddenly went to the hospital, so he didn't have time to react."
45,"Long, em làm xong task chưa? Sao lại đi lang thang như vậy?","Long, have you finished your task yet? why are you wandering around like that?"
45,"Dạ, em làm xong cách đây hai tiếng rồi. Giờ em đang thư giãn một chút.","Yes, I finished it two hours ago. I'm enjoying a little relaxation now."
45,"Chị không làm khó em đâu, nhưng nếu em hoàn thành công việc sớm hơn hạn thì nên báo cho quản lý biết. Như vậy, quản lý sẽ đánh giá cao năng lực và sự cố gắng của em.","I'm not making things difficult for you, but if you complete the task earlier than the deadline, you should report it to your manager. That way, your manager will appreciate your ability and effort."
45,"Giờ em ngồi chờ đến hạn mới nộp sản phẩm, trong khi chị không biết là em làm xong sớm, rồi lại đánh giá em không biết chủ động nhận thêm việc để hỗ trợ mọi người trong dự án. Em hiểu ý chị chứ?","Now you sit around waiting for the deadline to submit the product, but I don't know that you're working ahead of schedule, and judge you for not knowing how to take on new work to help everyone in the project. Do you understand what I mean?"
45,"Dạ, em hiểu rồi. Em tưởng phải đợi đến hạn công việc hiện tại mới được nhận việc mới. Em xin lỗi, em sẽ rút kinh nghiệm.","Oh yes, I understand. I thought I had to wait until the deadline of my current job to take on a new one. I'm sorry, I'll learn from my mistakes."
46,"Long, sao hai màn hình này giống nhau mà em lại làm theo hai cách khác nhau vậy?","Long, why are these two screens similar but you made them in two different ways?"
46,"Màn hình tạo tài khoản mới và màn hình chỉnh sửa tài khoản đó chị. Hai màn hình này có vấn đề gì không chị?","Create a new account screen and edit account screen, sis. Is there any problem with these two screens, sis?"
46,"Em nhìn đây này, ở màn hình tạo tài khoản mới thì nhãn 'account' viết thường chữ a, trong khi ở màn hình chỉnh sửa thì lại viết hoa chữ A. Sao kỳ vậy?","Look at this, on the create new account screen, the account label is lower cased with the letter a. Meanwhile, on the edit screen, the account label is uppercased with the letter a. Why is that so strange?"
46,"À, vì em thấy trong tài liệu SRS vẽ như thế nên em làm y chang vậy đó.","Oh, because I saw how SRS drew, I did it exactly like that."
46,"Ôi trời, em phải biết suy nghĩ chứ. Nếu thấy tài liệu SRS mô tả không nhất quán, thì phải xác nhận lại với BA và thống nhất cách làm cho hợp lý.","Oh, you have to think. If you see that the SRS description is inconsistent, you have to confirm with BA and see how to unify it in a reasonable way."
46,"Dạ, em hiểu rồi. Để em xác nhận lại với BA.","Yes, I understand. Let me confirm with BA."
47,"Anh Tâm ơi, anh Tuấn giao cho em làm thiết kế chi tiết cho màn hình mới.","Mr. Tam, Mr. Twan assigned me to do detailed design for the new screen."
47,"Em chưa từng làm việc này bao giờ. Anh có thể giúp em không?","I have never done this before. Can you help me?"
47,"Thật ra, mỗi dự án có thể không giống nhau. Anh thấy trong dự án hiện tại của mình, khách hàng yêu cầu phần thiết kế chi tiết khá nghiêm ngặt.","Actually, each project may not be the same. I see that in our current project, the customer requires a pretty strict detailed design."
47,"Trong dự án này, khách hàng yêu cầu chúng ta làm như sau. Đầu tiên là chụp ảnh mock-up của màn hình mà mình sẽ làm rồi chèn vào tài liệu thiết kế chi tiết.","In this project, the client asked us to do the following. First, take a screenshot of the mock-up of the screen we will be working on into the detailed design document."
47,"Tiếp theo là vẽ sơ đồ lớp (class diagram) và sơ đồ trình tự (sequence diagram) mô tả các lớp và thứ tự gọi hàm giữa các lớp.","Next is to draw class diagrams and sequence diagrams describing the classes and the order of function calls between classes."
47,"Sau đó là vẽ sơ đồ khối (block diagram) mô tả thuật toán cho từng hàm trong lớp. Chỉ cần mô tả những hàm quan trọng thôi, còn những hàm chỉ có 1–2 câu lệnh thì không cần vẽ.","Next, draw a block diagram describing the algorithm for each function in the class. Only describe the important functions. For functions that only have 1 or 2 statements, there is no need to draw a block diagram."
47,"Cuối cùng là mô tả các câu lệnh SQL nếu có. Tức là ngoài các lệnh thêm, sửa, xóa dữ liệu được ORM hỗ trợ, nếu em phải viết thủ công một số câu lệnh SQL thì phải mô tả những câu lệnh SQL đó trong thiết kế chi tiết. Em hiểu hết chưa?","Finally, describe the SQL statements if any. That is, in addition to the commands to add, edit, and delete data that are supported by the ORM, if you have to write some SQL statements manually, describe those SQL statements in Detailed Design. Do you understand everything?"
47,"Dạ, em hiểu rõ rồi. Cách anh giải thích rất dễ hiểu. Em sẽ thử làm một bản rồi gửi anh xem giúp.","Yes, I understand clearly. Your explanation is very easy to understand. I will try one and send it to you for review."
